{"adult":false,"backdrop_path":"/zzWGRw277MNoCs3zhyG3YmYQsXv.jpg","belongs_to_collection":null,"budget":200000000,"genres":[{"id":18,"name":"Drama"},{"id":28,"name":"Action"},{"id":10752,"name":"War"},{"id":14,"name":"Fantasy"},{"id":12,"name":"Adventure"}],"homepage":"https://movies.disney.com/mulan-2020","id":337401,"imdb_id":"tt4566758","original_language":"en","original_title":"Mulan","overview":"When the Emperor of China issues a decree that one man per family must serve in the Imperial Chinese Army to defend the country from Huns, Hua Mulan, the eldest daughter of an honored warrior, steps in to take the place of her ailing father. She is spirited, determined and quick on her feet. Disguised as a man by the name of Hua Jun, she is tested every step of the way and must harness her innermost strength and embrace her true potential.","popularity":1773.016,"poster_path":"/aKx1ARwG55zZ0GpRvU2WrGrCG9o.jpg","production_companies":[{"id":2,"logo_path":"/wdrCwmRnLFJhEoH8GSfymY85KHT.png","name":"Walt Disney Pictures","origin_country":"US"},{"id":14714,"logo_path":"/oQHaOZEnPzlJACVTisV0FICrS82.png","name":"China Film Group Corporation","origin_country":"CN"},{"id":103698,"logo_path":"/qS01bSMe274ecTdrgyO3BBvzfKK.png","name":"Good Fear","origin_country":"US"},{"id":89254,"logo_path":null,"name":"Jason T. Reed Productions","origin_country":"US"},{"id":139620,"logo_path":null,"name":"Bioskopin21","origin_country":""},{"id":134209,"logo_path":null,"name":"Disney+","origin_country":"US"}],"production_countries":[{"iso_3166_1":"CN","name":"China"},{"iso_3166_1":"US","name":"United States of America"}],"release_date":"2020-09-10","revenue":5900000,"runtime":115,"spoken_languages":[{"iso_639_1":"en","name":"English"}],"status":"Released","tagline":"","title":"Mulan","video":false,"vote_average":7.6,"vote_count":1628}