{"page":1,"total_results":10000,"total_pages":500,"results":[{"original_name":"The Boys","genre_ids":[10759,10765],"name":"The Boys","popularity":1848.699,"origin_country":["US"],"vote_count":1895,"first_air_date":"2019-07-25","backdrop_path":"\/mGVrXeIjyecj6TKmwPVpHlscEmw.jpg","original_language":"en","id":76479,"vote_average":8.4,"overview":"A group of vigilantes known informally as “The Boys” set out to take down corrupt superheroes with no more than blue-collar grit and a willingness to fight dirty.","poster_path":"\/mY7SeH4HFFxW1hiI6cWuwCRKptN.jpg"},{"original_name":"Lucifer","genre_ids":[80,10765],"name":"Lucifer","popularity":1333.653,"origin_country":["US"],"vote_count":5135,"first_air_date":"2016-01-25","backdrop_path":"\/ta5oblpMlEcIPIS2YGcq9XEkWK2.jpg","original_language":"en","id":63174,"vote_average":8.5,"overview":"Bored and unhappy as the Lord of Hell, Lucifer Morningstar abandoned his throne and retired to Los Angeles, where he has teamed up with LAPD detective Chloe Decker to take down criminals. But the longer he's away from the underworld, the greater the threat that the worst of humanity could escape.","poster_path":"\/4EYPN5mVIhKLfxGruy7Dy41dTVn.jpg"},{"original_name":"Cobra Kai","genre_ids":[18,10759],"name":"Cobra Kai","popularity":576.314,"origin_country":["US"],"vote_count":675,"first_air_date":"2018-05-02","backdrop_path":"\/gL8myjGc2qrmqVosyGm5CWTir9A.jpg","original_language":"en","id":77169,"vote_average":8,"overview":"This Karate Kid sequel series picks up 30 years after the events of the 1984 All Valley Karate Tournament and finds Johnny Lawrence on the hunt for redemption by reopening the infamous Cobra Kai karate dojo. This reignites his old rivalry with the successful Daniel LaRusso, who has been working to maintain the balance in his life without mentor Mr. Miyagi.","poster_path":"\/eTMMU2rKpZRbo9ERytyhwatwAjz.jpg"},{"original_name":"Raised by Wolves","genre_ids":[18,10765],"name":"Raised by Wolves","popularity":614.975,"origin_country":["US"],"vote_count":184,"first_air_date":"2020-09-03","backdrop_path":"\/na2xUduK8HviOFT97TiFG2MkJmY.jpg","original_language":"en","id":85723,"vote_average":7.5,"overview":"After Earth is ravaged by a great religious war, an atheistic android architect sends two of his creations, Mother and Father, to start a peaceful, godless colony on the planet Kepler-22b. Their treacherous task is jeopardized by the arrival of the Mithraic, a deeply devout religious order of surviving humans.","poster_path":"\/mTvSVKMn2Npf6zvYNbGMJnYLtvp.jpg"},{"original_name":"The 100","genre_ids":[18,10759,10765],"name":"The 100","popularity":583.603,"origin_country":["US"],"vote_count":4295,"first_air_date":"2014-03-19","backdrop_path":"\/hTExot1sfn7dHZjGrk0Aiwpntxt.jpg","original_language":"en","id":48866,"vote_average":7.7,"overview":"100 years in the future, when the Earth has been abandoned due to radioactivity, the last surviving humans live on an ark orbiting the planet — but the ark won't last forever. So the repressive regime picks 100 expendable juvenile delinquents to send down to Earth to see if the planet is still habitable.","poster_path":"\/wcaDIAG1QdXQLRaj4vC1EFdBT2.jpg"},{"original_name":"The Good Doctor","genre_ids":[18],"name":"The Good Doctor","popularity":385.658,"origin_country":["US"],"vote_count":4719,"first_air_date":"2017-09-25","backdrop_path":"\/mZjZgY6ObiKtVuKVDrnS9VnuNlE.jpg","original_language":"en","id":71712,"vote_average":8.6,"overview":"A young surgeon with Savant syndrome is recruited into the surgical unit of a prestigious hospital. The question will arise: can a person who doesn't have the ability to relate to people actually save their lives?","poster_path":"\/53P8oHo9cfOsgb1cLxBi4pFY0ja.jpg"},{"original_name":"La casa de papel","genre_ids":[80,18],"name":"Money Heist","popularity":377.634,"origin_country":["ES"],"vote_count":9647,"first_air_date":"2017-05-02","backdrop_path":"\/xGexTKCJDkl12dTW4YCBDXWb1AD.jpg","original_language":"es","id":71446,"vote_average":8.3,"overview":"To carry out the biggest heist in history, a mysterious man called The Professor recruits a band of eight robbers who have a single characteristic: none of them has anything to lose. Five months of seclusion - memorizing every step, every detail, every probability - culminate in eleven days locked up in the National Coinage and Stamp Factory of Spain, surrounded by police forces and with dozens of hostages in their power, to find out whether their suicide wager will lead to everything or nothing.","poster_path":"\/MoEKaPFHABtA1xKoOteirGaHl1.jpg"},{"original_name":"Game of Thrones","genre_ids":[18,10765],"name":"Game of Thrones","popularity":356.309,"origin_country":["US"],"vote_count":10415,"first_air_date":"2011-04-17","backdrop_path":"\/suopoADq0k8YZr4dQXcU6pToj6s.jpg","original_language":"en","id":1399,"vote_average":8.3,"overview":"Seven noble families fight for control of the mythical land of Westeros. Friction between the houses leads to full-scale war. All while a very ancient evil awakens in the farthest north. Amidst the war, a neglected military order of misfits, the Night's Watch, is all that stands between the realms of men and icy horrors beyond.","poster_path":"\/u3bZgnGQ9T01sWNhyveQz0wH0Hl.jpg"},{"original_name":"Supernatural","genre_ids":[18,9648,10765],"name":"Supernatural","popularity":363.63,"origin_country":["US"],"vote_count":3800,"first_air_date":"2005-09-13","backdrop_path":"\/nVRyd8hlg0ZLxBn9RaI7mUMQLnz.jpg","original_language":"en","id":1622,"vote_average":8,"overview":"When they were boys, Sam and Dean Winchester lost their mother to a mysterious and demonic supernatural force. Subsequently, their father raised them to be soldiers. He taught them about the paranormal evil that lives in the dark corners and on the back roads of America ... and he taught them how to kill it. Now, the Winchester brothers crisscross the country in their '67 Chevy Impala, battling every kind of supernatural threat they encounter along the way. ","poster_path":"\/KoYWXbnYuS3b0GyQPkbuexlVK9.jpg"},{"original_name":"The Umbrella Academy","genre_ids":[35,18,10759,10765],"name":"The Umbrella Academy","popularity":382.327,"origin_country":["US"],"vote_count":1935,"first_air_date":"2019-02-15","backdrop_path":"\/qJxzjUjCpTPvDHldNnlbRC4OqEh.jpg","original_language":"en","id":75006,"vote_average":8.6,"overview":"A dysfunctional family of superheroes comes together to solve the mystery of their father's death, the threat of the apocalypse and more.","poster_path":"\/scZlQQYnDVlnpxFTxaIv2g0BWnL.jpg"},{"original_name":"The Flash","genre_ids":[18,10765],"name":"The Flash","popularity":370.2,"origin_country":["US"],"vote_count":5640,"first_air_date":"2014-10-07","backdrop_path":"\/z59kJfcElR9eHO9rJbWp4qWMuee.jpg","original_language":"en","id":60735,"vote_average":7.5,"overview":"After a particle accelerator causes a freak storm, CSI Investigator Barry Allen is struck by lightning and falls into a coma. Months later he awakens with the power of super speed, granting him the ability to move through Central City like an unseen guardian angel. Though initially excited by his newfound powers, Barry is shocked to discover he is not the only \"meta-human\" who was created in the wake of the accelerator explosion -- and not everyone is using their new powers for good. Barry partners with S.T.A.R. Labs and dedicates his life to protect the innocent. For now, only a few close friends and associates know that Barry is literally the fastest man alive, but it won't be long before the world learns what Barry Allen has become...The Flash.","poster_path":"\/wHa6KOJAoNTFLFtp7wguUJKSnju.jpg"},{"original_name":"Acapulco Shore","genre_ids":[10764],"name":"Acapulco Shore","popularity":365.705,"origin_country":["MX"],"vote_count":29,"first_air_date":"2014-09-27","backdrop_path":"\/exZrSuXA05mhklSSoZ65wT6xeNZ.jpg","original_language":"es","id":66084,"vote_average":8.2,"overview":"A reality-based look at the vapid lives of several Mexican 20-somethings and their respective friends and\/or hook-ups during their stay in Acapulco for a Summer vacation.","poster_path":"\/fSRyd3ZNZY41awncagc8oqV739M.jpg"},{"original_name":"The Vampire Diaries","genre_ids":[18,14,27,10749],"name":"The Vampire Diaries","popularity":336.956,"origin_country":["US"],"vote_count":3436,"first_air_date":"2009-09-10","backdrop_path":"\/k7T9xRyzP41wBVNyNeLmh8Ch7gD.jpg","original_language":"en","id":18165,"vote_average":8.2,"overview":"The story of two vampire brothers obsessed with the same girl, who bears a striking resemblance to the beautiful but ruthless vampire they knew and loved in 1864.","poster_path":"\/b3vl6wV1W8PBezFfntKTrhrehCY.jpg"},{"original_name":"Grey's Anatomy","genre_ids":[18],"name":"Grey's Anatomy","popularity":333.175,"origin_country":["US"],"vote_count":3565,"first_air_date":"2005-03-27","backdrop_path":"\/edmk8xjGBsYVIf4QtLY9WMaMcXZ.jpg","original_language":"en","id":1416,"vote_average":8,"overview":"Follows the personal and professional lives of a group of doctors at Seattle’s Grey Sloan Memorial Hospital.","poster_path":"\/jnsvc7gCKocXnrTXF6p03cICTWb.jpg"},{"original_name":"Scorpion","genre_ids":[18,10759],"name":"Scorpion","popularity":313.166,"origin_country":["US"],"vote_count":1026,"first_air_date":"2014-09-22","backdrop_path":"\/iZIZFDO9ZoBcHWz0CvkwbME7kOp.jpg","original_language":"en","id":60797,"vote_average":8.1,"overview":"Based on a true story, Scorpion is a high-octane drama about eccentric genius Walter O’Brien and his team of brilliant misfits who comprise the last line of defense against complex, high-tech threats of the modern age. As Homeland Security’s new think tank, O’Brien’s “Scorpion” team includes Toby Curtis, an expert behaviorist who can read anyone; Happy Quinn, a mechanical prodigy; and Sylvester Dodd, a statistics guru.","poster_path":"\/hzeirSF6bRjssDh5JFrm5WRwFLd.jpg"},{"original_name":"The Simpsons","id":456,"name":"The Simpsons","popularity":327.178,"vote_count":4606,"vote_average":7.6,"first_air_date":"1989-12-16","poster_path":"\/qcr9bBY6MVeLzriKCmJOv1562uY.jpg","genre_ids":[16,35,10751],"original_language":"en","backdrop_path":"\/adZ9ldSlkGfLfsHNbh37ZThCcgU.jpg","overview":"Set in Springfield, the average American town, the show focuses on the antics and everyday adventures of the Simpson family; Homer, Marge, Bart, Lisa and Maggie, as well as a virtual cast of thousands. Since the beginning, the series has been a pop culture icon, attracting hundreds of celebrities to guest star. The show has also made name for itself in its fearless satirical take on politics, media and American life in general.","origin_country":["US"]},{"original_name":"Riverdale","genre_ids":[18,9648],"name":"Riverdale","popularity":316.467,"origin_country":["US"],"vote_count":5245,"first_air_date":"2017-01-26","backdrop_path":"\/9hvhGtcsGhQY58pukw8w55UEUbL.jpg","original_language":"en","id":69050,"vote_average":8.6,"overview":"Set in the present, the series offers a bold, subversive take on Archie, Betty, Veronica and their friends, exploring the surreality of small-town life, the darkness and weirdness bubbling beneath Riverdale’s wholesome facade.","poster_path":"\/4X7o1ssOEvp4BFLim1AZmPNcYbU.jpg"},{"original_name":"Oscuro deseo","genre_ids":[18,9648],"name":"Dark Desire","popularity":318.048,"origin_country":["MX"],"vote_count":2481,"first_air_date":"2020-07-15","backdrop_path":"\/vmVeGFUTXEKwAUpFH9bZwow9zIk.jpg","original_language":"es","id":105214,"vote_average":7.3,"overview":"Married Alma spends a fateful weekend away from home that ignites passion, ends in tragedy and leads her to question the truth about those close to her.","poster_path":"\/uxFNAo2A6ZRcgNASLk02hJUbybn.jpg"},{"original_name":"Yo soy Betty, la fea","genre_ids":[35,18,10766],"name":"Yo soy Betty, la fea","popularity":341.487,"origin_country":["CO"],"vote_count":594,"first_air_date":"1999-10-25","backdrop_path":"\/ftiQHOrAGTGXVsJ1pcAVC5Dau78.jpg","original_language":"es","id":16286,"vote_average":8.1,"overview":"Yo soy Betty, la fea is a telenovela filmed in Colombia, written by Fernando Gaitán and produced from October 25, 1999 to May 8, 2001 by the Colombian network RCN. More than a dozen versions of the telenovela have been made in other countries. In the United States, both the comedy-drama hit Ugly Betty and Televisa program La Fea Más Bella are based on the Colombian soap opera.\n\nBetty, la Fea re-aired on Spanish-language U.S. network TeleFutura in January 2009. Eight years after the telenovela's original run, the highly anticipated return of the original version of Yo Soy Betty, La Fea delivered impressive ratings for the network, attracting over one million viewers, more than half a million of which were adults aged 18–49. In addition, the premiere episode doubled and in some cases nearly tripled its prior audience among all key demographics.\n\nDue to the success of re-runs aired in the United States, in June 2009, Yo soy Betty, la fea re-aired in México on Canal de las Estrellas.\n\nBetty, la Fea is arguably the most successful telenovela of all time and one of the most popular television shows in the world. It is the first telenovela to have been remade worldwide and has been regarded as bringing the telenovela to new levels of success.","poster_path":"\/iEBOiXiDGaxVR6w8aKgG5MEusuO.jpg"},{"original_name":"Law & Order: Special Victims Unit","genre_ids":[80,18],"name":"Law & Order: Special Victims Unit","popularity":281.653,"origin_country":["US"],"vote_count":1651,"first_air_date":"1999-09-20","backdrop_path":"\/cD9PxbrdWYgL7MUpD9eOYuiSe2P.jpg","original_language":"en","id":2734,"vote_average":7.4,"overview":"In the criminal justice system, sexually-based offenses are considered especially heinous. In New York City, the dedicated detectives who investigate these vicious felonies are members of an elite squad known as the Special Victims Unit. These are their stories.","poster_path":"\/6t6r1VGQTTQecN4V0sZeqsmdU9g.jpg"}]}