{"cast":[{"character":"Billy Butcher","credit_id":"5baaac490e0a2664d400bb5a","id":1372,"name":"Karl Urban","gender":2,"profile_path":"/bsAnEFgVm5kn8DbBZKfnlLNll89.jpg","order":0},{"character":"Hughie Campbell","credit_id":"5d4821012d1e405083c02531","id":1030513,"name":"Jack Quaid","gender":2,"profile_path":"/q9oaQ4Fj00EK2g6vYhqOZQrR7ZU.jpg","order":1},{"character":"Homelander","credit_id":"5a60c6e10e0a26102e0005eb","id":60373,"name":"Antony Starr","gender":2,"profile_path":"/dr2GvKjDgbIDXUO8KtT64JUQ7UR.jpg","order":2},{"character":"Annie January / Starlight","credit_id":"5baaac7892514150f500b2f6","id":990393,"name":"Erin Moriarty","gender":1,"profile_path":"/oioBLC6lD6CfYGjDrs8iO6iH4gS.jpg","order":3},{"character":"Queen Maeve","credit_id":"5a60c7170e0a26103700061d","id":115146,"name":"Dominique McElligott","gender":1,"profile_path":"/67WjmwIlPkt6Q6DANkMN1HjWha5.jpg","order":4},{"character":"A-Train","credit_id":"5a60c74ec3a368537b0005dc","id":198847,"name":"Jessie T. Usher","gender":2,"profile_path":"/vMcMiyqR8nbGSvoyRxBYJQVph5.jpg","order":5},{"character":"Mother's Milk","credit_id":"5f4e551e41465c0035a7af65","id":10964,"name":"Laz Alonso","gender":2,"profile_path":"/2mqORLFJBOi3moYWIg6M4d9DnUD.jpg","order":6},{"character":"The Deep","credit_id":"5a60c72f0e0a261028000634","id":60899,"name":"Chace Crawford","gender":2,"profile_path":"/wEgaOcrKUqtqLht9IaI5ExR3uXB.jpg","order":7},{"character":"Frenchie","credit_id":"5e356e4243250f0013c0e917","id":1550587,"name":"Tomer Kapon","gender":2,"profile_path":"/r6s7dkYZUJpd00C7p9itT6Gp8XB.jpg","order":8},{"character":"Kimiko / The Female","credit_id":"5e7662e7b1f68d0019e46e25","id":1461608,"name":"Karen Fukuhara","gender":1,"profile_path":"/39xZ0fJEfq9Ql2fILUUDJmcHT15.jpg","order":9},{"character":"Black Noir","credit_id":"5a60c789c3a36853690006c4","id":229422,"name":"Nathan Mitchell","gender":2,"profile_path":"/ivaVpN1bU2HzKmncuf1IAG6ohlb.jpg","order":10},{"character":"Ashley Barrett","credit_id":"5f4e569b9ecf18003693aa20","id":1157294,"name":"Colby Minifie","gender":1,"profile_path":"/56FVZRFdctYhZI8zHNbegkKMwl3.jpg","order":11},{"character":"Stormfront","credit_id":"5f5a6b5aec0c580035a494c1","id":133451,"name":"Aya Cash","gender":1,"profile_path":"/kanvrW5ZdAS2MFmS0Pj9pSdR7p9.jpg","order":12}],"crew":[{"credit_id":"5f51992db234b9003716c147","department":"Production","id":58922,"name":"Craig Rosenberg","gender":2,"job":"Executive Producer","profile_path":null},{"credit_id":"5f519955c740d900358db09b","department":"Production","id":1225933,"name":"Philip Sgriccia","gender":2,"job":"Executive Producer","profile_path":null},{"credit_id":"5f51996ca199a60038280601","department":"Production","id":82665,"name":"Rebecca Sonnenshine","gender":1,"job":"Executive Producer","profile_path":null},{"credit_id":"5f519990c740d900358db14a","department":"Production","id":2746280,"name":"Michaela Starr","gender":1,"job":"Supervising Producer","profile_path":null},{"credit_id":"5f5199fd945d3600362ad6f0","department":"Production","id":2765494,"name":"Gabriel Garcia","gender":2,"job":"Producer","profile_path":null},{"credit_id":"5f519a65945d3600362ad7f0","department":"Production","id":1708333,"name":"Stephan Szpak-Fleet","gender":0,"job":"Associate Producer","profile_path":null},{"credit_id":"5f519adc498ef90037a6ba3c","department":"Production","id":71225,"name":"Michael Saltzman","gender":2,"job":"Co-Executive Producer","profile_path":null},{"credit_id":"5f519b3ee894a600364c8af5","department":"Production","id":2121901,"name":"Jackie Davis","gender":0,"job":"Casting","profile_path":null},{"credit_id":"5f5d32916af8f800334af8c1","department":"Writing","id":176658,"name":"Anslem Richardson","gender":2,"job":"Executive Story Editor","profile_path":null},{"credit_id":"5f3b44751fb94f0035ac92e3","department":"Production","id":58321,"name":"Eric Kripke","gender":2,"job":"Executive Producer","profile_path":"/dd7EgfOEKPqQxWtBfAvjYZahbSc.jpg"},{"credit_id":"5f3b44801c043500368ace72","department":"Production","id":19274,"name":"Seth Rogen","gender":2,"job":"Executive Producer","profile_path":"/xCt0MWnPkk1tJIYYPT6fekgQRMg.jpg"},{"credit_id":"5f3b449466e46900364bb0ee","department":"Production","id":54734,"name":"Evan Goldberg","gender":2,"job":"Executive Producer","profile_path":"/uKZFcTB7FS47WvRFcp5wv3f7hJM.jpg"},{"credit_id":"5f3b44c5a3b5e60036ef55a8","department":"Production","id":928595,"name":"James Weaver","gender":0,"job":"Executive Producer","profile_path":"/pyUq99G6KgfX1ueTEueCoe3M5go.jpg"},{"credit_id":"5f3b44d31fb94f0034aba6e4","department":"Production","id":11874,"name":"Neal H. Moritz","gender":2,"job":"Executive Producer","profile_path":"/pPvK5xZTp1PymWL5OGc7dtqvx9Q.jpg"},{"credit_id":"5f3b44e8be4b360033b4074f","department":"Production","id":1819393,"name":"Pavun Shetty","gender":0,"job":"Executive Producer","profile_path":null},{"credit_id":"5f3b459d1c043500368ad689","department":"Production","id":1197577,"name":"Ken F. Levin","gender":0,"job":"Executive Producer","profile_path":null},{"credit_id":"5f3b45aabe4b360036b2a89a","department":"Production","id":56238,"name":"Jason Netter","gender":2,"job":"Executive Producer","profile_path":null},{"credit_id":"5f3b46281fb94f0033ad56cb","department":"Production","id":75828,"name":"Hartley Gorenstein","gender":0,"job":"Producer","profile_path":null},{"credit_id":"5f3b464b1c043500358b0f90","department":"Sound","id":49911,"name":"Christopher Lennertz","gender":2,"job":"Original Music Composer","profile_path":null},{"credit_id":"5f3b4fedbe4b360033b484b4","department":"Writing","id":10945,"name":"Garth Ennis","gender":2,"job":"Comic Book","profile_path":null},{"credit_id":"5f3b4ffc66e46900344bb627","department":"Writing","id":220317,"name":"Darick Robertson","gender":0,"job":"Comic Book","profile_path":null},{"credit_id":"5f3b50851c043500368b5d86","department":"Production","id":10945,"name":"Garth Ennis","gender":2,"job":"Co-Executive Producer","profile_path":null},{"credit_id":"5f3b5091be4b360033b48594","department":"Production","id":220317,"name":"Darick Robertson","gender":0,"job":"Co-Executive Producer","profile_path":null},{"credit_id":"5f3b50f0be4b360035b0d307","department":"Production","id":77202,"name":"Robert J. Ulrich","gender":2,"job":"Casting","profile_path":null},{"credit_id":"5f3b50fc1fb94f0036ac433f","department":"Production","id":77200,"name":"Eric Dawson","gender":2,"job":"Casting","profile_path":null},{"credit_id":"5f3b51191c043500358b3fbf","department":"Production","id":1197284,"name":"Carol Kritzer","gender":1,"job":"Casting","profile_path":null},{"credit_id":"5f3b52731c043500348bc99c","department":"Production","id":1616412,"name":"Alexandra Newman","gender":1,"job":"Casting","profile_path":null},{"credit_id":"5f3b53fca3b5e60034f93094","department":"Production","id":1662084,"name":"Nick Barrucci","gender":0,"job":"Associate Producer","profile_path":null}],"id":76479}