{"backdrop_path":"/mGVrXeIjyecj6TKmwPVpHlscEmw.jpg","created_by":[{"id":58321,"credit_id":"5f3814c011c066003637f6a8","name":"Eric Kripke","gender":2,"profile_path":"/dd7EgfOEKPqQxWtBfAvjYZahbSc.jpg"}],"episode_run_time":[60],"first_air_date":"2019-07-25","genres":[{"id":10765,"name":"Sci-Fi & Fantasy"},{"id":10759,"name":"Action & Adventure"}],"homepage":"https://www.amazon.com/dp/B07QQQHK1Y","id":76479,"in_production":true,"languages":["en"],"last_air_date":"2020-09-11","last_episode_to_air":{"air_date":"2020-09-11","episode_number":4,"id":2324556,"name":"Nothing Like It in the World","overview":"Road trip! The Boys head to North Carolina to follow a lead on a mysterious Supe named Liberty. And did you know a person’s choice of candy bars might tell you if they’re a serial killer? Watch and learn the warning signs! This episode could save your life!","production_code":"THBY 204","season_number":2,"show_id":76479,"still_path":"/6cAdAEomp2I0JwSYNcobAB1NIdm.jpg","vote_average":0.0,"vote_count":0},"name":"The Boys","next_episode_to_air":{"air_date":"2020-09-18","episode_number":5,"id":2324561,"name":"We Gotta Go Now","overview":"VoughtStudios is pleased to announce that filming has begun on #DawnOfTheSeven. 12 years of VCU movies have led to this. If you like movies about One Hero, you’ll love a movie about Seven Heroes. Introducing newest member @RealStormfront! See how the legend began! In theaters Summer 2021!","production_code":"THBY 205","season_number":2,"show_id":76479,"still_path":"/pz6uz6WhMjwUPoseRbGlvlKCCnL.jpg","vote_average":0.0,"vote_count":0},"networks":[{"name":"Amazon","id":1024,"logo_path":"/ifhbNuuVnlwYy5oXA5VIb2YR8AZ.png","origin_country":"US"}],"number_of_episodes":16,"number_of_seasons":2,"origin_country":["US"],"original_language":"en","original_name":"The Boys","overview":"A group of vigilantes known informally as “The Boys” set out to take down corrupt superheroes with no more than blue-collar grit and a willingness to fight dirty.","popularity":1848.699,"poster_path":"/mY7SeH4HFFxW1hiI6cWuwCRKptN.jpg","production_companies":[{"id":20580,"logo_path":"/tkFE81jJIqiFYPP8Tho57MXRQEx.png","name":"Amazon Studios","origin_country":"US"},{"id":333,"logo_path":"/5xUJfzPZ8jWJUDzYtIeuPO4qPIa.png","name":"Original Film","origin_country":"US"},{"id":11073,"logo_path":"/wHs44fktdoj6c378ZbSWfzKsM2Z.png","name":"Sony Pictures Television","origin_country":"US"},{"id":38398,"logo_path":null,"name":"Kripke Enterprises","origin_country":"US"},{"id":16615,"logo_path":"/dbxHaOtibTKvP6dUMRYdwUOULgY.png","name":"Point Grey Pictures","origin_country":"US"},{"id":2526,"logo_path":"/kzIW6QWhacDwzGoXEIWhac8rb70.png","name":"Kickstart","origin_country":"US"},{"id":33728,"logo_path":null,"name":"NightSky Productions","origin_country":"US"}],"seasons":[{"air_date":"2019-07-25","episode_count":8,"id":98085,"name":"Season 1","overview":"","poster_path":"/g3HjUeFCwKOfBxlM97lv016mnol.jpg","season_number":1},{"air_date":"2020-09-04","episode_count":8,"id":154681,"name":"Season 2","overview":"The even more intense, more insane season two finds The Boys on the run from the law, hunted by the Supes, and desperately trying to regroup and fight back against Vought. In hiding, Hughie, Mother’s Milk, Frenchie and Kimiko try to adjust to a new normal, with Butcher nowhere to be found. Meanwhile, Starlight must navigate her place in The Seven as Homelander sets his sights on taking complete control. His power is threatened with the addition of Stormfront, a social media-savvy new Supe, who has an agenda of her own. On top of that, the Supervillain threat takes center stage and makes waves as Vought seeks to capitalize on the nation’s paranoia.","poster_path":"/mY7SeH4HFFxW1hiI6cWuwCRKptN.jpg","season_number":2}],"status":"Returning Series","type":"Scripted","vote_average":8.4,"vote_count":1919}